"pattern_file_id","pattern_id","formula_id","validity","number_concepts","number_ingredients","number_records","amount_numeric","amount_unit_concept_id","numerator_numeric","numerator_unit_concept_id","denominator_numeric","denominator_unit_concept_id","cdm_name"
1,1,2,"pattern with formula",649,50,5261,1,8718,0,NA,0,NA,"PHARMETRICS"
1,1,NA,"pattern wrong route",378,51,0,1,8718,0,NA,0,NA,"PHARMETRICS"
2,2,2,"pattern with formula",3,2,0,1,9655,0,NA,0,NA,"PHARMETRICS"
2,2,NA,"pattern wrong route",3,2,0,1,9655,0,NA,0,NA,"PHARMETRICS"
3,3,2,"pattern with formula",147,12,3336495,1,9551,0,NA,0,NA,"PHARMETRICS"
3,3,NA,"pattern wrong route",101,12,15,1,9551,0,NA,0,NA,"PHARMETRICS"
4,4,2,"pattern with formula",678539,5276,448846013,1,8576,0,NA,0,NA,"PHARMETRICS"
4,4,NA,"pattern wrong route",126649,5300,17177131,1,8576,0,NA,0,NA,"PHARMETRICS"
5,5,2,"pattern with formula",586,36,6,1,8587,0,NA,0,NA,"PHARMETRICS"
5,5,NA,"pattern wrong route",170,37,0,1,8587,0,NA,0,NA,"PHARMETRICS"
6,6,3,"pattern with formula",6,2,0,0,NA,1,9655,1,8505,"PHARMETRICS"
7,7,3,"pattern with formula",6901,230,38512151,0,NA,1,8576,1,8505,"PHARMETRICS"
7,7,NA,"pattern wrong route",10,4,1439328,0,NA,1,8576,1,8505,"PHARMETRICS"
8,8,4,"pattern with formula",2,2,0,0,NA,1,9655,0,8505,"PHARMETRICS"
8,8,NA,"pattern wrong route",3,2,0,0,NA,1,9655,0,8505,"PHARMETRICS"
9,9,4,"pattern with formula",4275,29,389880,0,NA,1,8576,0,8505,"PHARMETRICS"
9,9,NA,"pattern wrong route",1074,29,0,0,NA,1,8576,0,8505,"PHARMETRICS"
10,10,1,"pattern with formula",16819,1280,100,0,NA,1,8576,0,8576,"PHARMETRICS"
10,10,NA,"pattern wrong route",65482,2219,7534726,0,NA,1,8576,0,8576,"PHARMETRICS"
11,11,1,"pattern with formula",139975,4309,34334021,0,NA,1,8576,0,8587,"PHARMETRICS"
11,11,NA,"pattern wrong route",123692,4895,22131757,0,NA,1,8576,0,8587,"PHARMETRICS"
12,12,1,"pattern with formula",634,102,13,0,NA,1,8587,0,8587,"PHARMETRICS"
12,12,NA,"pattern wrong route",1993,164,292484,0,NA,1,8587,0,8587,"PHARMETRICS"
13,13,1,"pattern with formula",42,14,43958,0,NA,1,9551,0,8587,"PHARMETRICS"
13,13,NA,"pattern wrong route",644,30,7855390,0,NA,1,9551,0,8587,"PHARMETRICS"
14,14,1,"pattern with formula",3795,62,11780232,0,NA,1,8576,0,45744809,"PHARMETRICS"
14,14,NA,"pattern wrong route",2635,103,106356,0,NA,1,8576,0,45744809,"PHARMETRICS"
15,15,1,"pattern with formula",270960,3309,72533126,0,NA,1,8576,1,8587,"PHARMETRICS"
15,15,NA,"pattern wrong route",57031,1104,290925,0,NA,1,8576,1,8587,"PHARMETRICS"
16,16,1,"pattern with formula",2993,125,760,0,NA,1,8587,1,8587,"PHARMETRICS"
16,16,NA,"pattern wrong route",1583,43,0,0,NA,1,8587,1,8587,"PHARMETRICS"
17,17,1,"pattern with formula",5627,45,12238867,0,NA,1,8576,1,45744809,"PHARMETRICS"
17,17,NA,"pattern wrong route",1671,63,234226,0,NA,1,8576,1,45744809,"PHARMETRICS"
18,NA,NA,"pattern with no formula",7,1,0,1,9276,0,NA,0,NA,"PHARMETRICS"
19,NA,NA,"pattern with no formula",16,4,0,1,9414,0,NA,0,NA,"PHARMETRICS"
20,NA,NA,"pattern with no formula",4,1,0,1,45744809,0,NA,0,NA,"PHARMETRICS"
21,NA,NA,"pattern with no formula",34,5,0,1,45744815,0,NA,0,NA,"PHARMETRICS"
22,NA,NA,"pattern with no formula",4,1,1875,1,45744810,0,NA,0,NA,"PHARMETRICS"
23,NA,NA,"pattern with no formula",73,11,4,1,45744812,0,NA,0,NA,"PHARMETRICS"
24,NA,NA,"pattern with no formula",38,4,0,1,9278,0,NA,0,NA,"PHARMETRICS"
25,NA,NA,"pattern with no formula",2841,410,0,1,9324,0,NA,0,NA,"PHARMETRICS"
26,NA,NA,"pattern with no formula",23,3,0,1,9325,0,NA,0,8576,"PHARMETRICS"
27,NA,NA,"pattern with no formula",10661,925,0,1,9325,0,NA,0,NA,"PHARMETRICS"
28,NA,NA,"pattern with no formula",30,8,3030,1,9693,0,NA,0,NA,"PHARMETRICS"
29,NA,NA,"pattern with no formula",2,1,0,1,45744814,0,NA,0,NA,"PHARMETRICS"
30,NA,NA,"pattern with no formula",10,1,0,1,44777647,0,NA,0,NA,"PHARMETRICS"
31,NA,NA,"pattern with no formula",157,3,0,1,44819154,0,NA,0,NA,"PHARMETRICS"
32,NA,NA,"pattern with no formula",5,1,0,1,8576,0,NA,0,45744809,"PHARMETRICS"
33,NA,NA,"pattern with no formula",10,1,0,1,8576,0,NA,0,8576,"PHARMETRICS"
34,NA,NA,"pattern with no formula",2,1,0,1,8587,1,8554,0,NA,"PHARMETRICS"
35,NA,NA,"pattern with no formula",124,6,0,1,9573,0,NA,0,NA,"PHARMETRICS"
36,NA,NA,"pattern with no formula",2,1,0,1,9367,0,NA,0,NA,"PHARMETRICS"
37,NA,NA,"pattern with no formula",22,2,0,1,9379,0,NA,0,NA,"PHARMETRICS"
38,NA,NA,"pattern with no formula",5,2,4282,1,32407,0,NA,0,NA,"PHARMETRICS"
39,NA,NA,"pattern with no formula",24235,322,1226610,1,8510,0,NA,0,NA,"PHARMETRICS"
40,NA,NA,"pattern with no formula",7,1,0,0,9276,0,NA,0,NA,"PHARMETRICS"
41,NA,NA,"pattern with no formula",2,1,0,0,45744811,0,NA,0,NA,"PHARMETRICS"
42,NA,NA,"pattern with no formula",26,3,2552,0,45744815,0,NA,0,NA,"PHARMETRICS"
43,NA,NA,"pattern with no formula",17,2,0,0,45744810,0,NA,0,NA,"PHARMETRICS"
44,NA,NA,"pattern with no formula",102,21,1788,0,45744812,0,NA,0,NA,"PHARMETRICS"
45,NA,NA,"pattern with no formula",2,1,0,0,9278,0,NA,0,NA,"PHARMETRICS"
46,NA,NA,"pattern with no formula",1,1,0,0,9302,0,NA,0,NA,"PHARMETRICS"
47,NA,NA,"pattern with no formula",422,143,0,0,9324,0,NA,0,NA,"PHARMETRICS"
48,NA,NA,"pattern with no formula",5706,568,132,0,9325,0,NA,0,NA,"PHARMETRICS"
49,NA,NA,"pattern with no formula",15,3,0,0,9693,0,NA,0,NA,"PHARMETRICS"
50,NA,NA,"pattern with no formula",182,21,0,0,8718,0,NA,0,NA,"PHARMETRICS"
51,NA,NA,"pattern with no formula",15,6,1008,0,44819154,0,NA,0,NA,"PHARMETRICS"
52,NA,NA,"pattern with no formula",205864,32530,30270051,0,8576,0,NA,0,NA,"PHARMETRICS"
53,NA,NA,"pattern with no formula",166,23,18938,0,8587,0,NA,0,NA,"PHARMETRICS"
54,NA,NA,"pattern with no formula",67,4,176249,0,9573,0,NA,0,NA,"PHARMETRICS"
55,NA,NA,"pattern with no formula",141,11,321,0,8554,0,NA,0,NA,"PHARMETRICS"
56,NA,NA,"pattern with no formula",49,5,0,0,9379,0,NA,0,NA,"PHARMETRICS"
57,NA,NA,"pattern with no formula",9919,446,4886952,0,8510,0,NA,0,NA,"PHARMETRICS"
58,NA,NA,"pattern with no formula",10,2,2,0,32018,0,NA,0,NA,"PHARMETRICS"
59,NA,NA,"pattern with no formula",18,5,0,0,NA,1,9276,1,8587,"PHARMETRICS"
60,NA,NA,"pattern with no formula",23,5,0,0,NA,1,9276,0,8587,"PHARMETRICS"
61,NA,NA,"pattern with no formula",30,3,0,0,NA,1,9414,1,8587,"PHARMETRICS"
62,NA,NA,"pattern with no formula",27,3,0,0,NA,1,9414,0,8587,"PHARMETRICS"
63,NA,NA,"pattern with no formula",40,4,16,0,NA,1,45744811,0,8587,"PHARMETRICS"
64,NA,NA,"pattern with no formula",13,3,0,0,NA,1,45744815,1,8587,"PHARMETRICS"
65,NA,NA,"pattern with no formula",15,3,0,0,NA,1,45744815,0,8587,"PHARMETRICS"
66,NA,NA,"pattern with no formula",33,4,0,0,NA,1,45744810,1,8587,"PHARMETRICS"
67,NA,NA,"pattern with no formula",120,14,24,0,NA,1,45744810,0,8587,"PHARMETRICS"
68,NA,NA,"pattern with no formula",345,30,1135,0,NA,1,45744812,1,8587,"PHARMETRICS"
69,NA,NA,"pattern with no formula",17,1,0,0,NA,1,45744812,1,9483,"PHARMETRICS"
70,NA,NA,"pattern with no formula",333,31,0,0,NA,1,45744812,0,8587,"PHARMETRICS"
71,NA,NA,"pattern with no formula",14,1,0,0,NA,1,45744812,0,9483,"PHARMETRICS"
72,NA,NA,"pattern with no formula",2,1,0,0,NA,1,45744813,0,8587,"PHARMETRICS"
73,NA,NA,"pattern with no formula",3,1,0,0,NA,1,9278,1,8587,"PHARMETRICS"
74,NA,NA,"pattern with no formula",5,2,0,0,NA,1,9278,0,8587,"PHARMETRICS"
75,NA,NA,"pattern with no formula",12,5,0,0,NA,1,9302,1,8587,"PHARMETRICS"
76,NA,NA,"pattern with no formula",20,5,0,0,NA,1,9302,0,8587,"PHARMETRICS"
77,NA,NA,"pattern with no formula",107,50,0,0,NA,1,9324,1,NA,"PHARMETRICS"
78,NA,NA,"pattern with no formula",2616,584,0,0,NA,1,9324,0,NA,"PHARMETRICS"
79,NA,NA,"pattern with no formula",8907,760,0,0,NA,1,9325,1,NA,"PHARMETRICS"
80,NA,NA,"pattern with no formula",15662,1107,0,0,NA,1,9325,0,NA,"PHARMETRICS"
81,NA,NA,"pattern with no formula",6,1,0,0,NA,1,9693,1,8587,"PHARMETRICS"
82,NA,NA,"pattern with no formula",12,1,0,0,NA,1,9693,0,8587,"PHARMETRICS"
83,NA,NA,"pattern with no formula",46,5,0,0,NA,1,8718,1,8576,"PHARMETRICS"
84,NA,NA,"pattern with no formula",848,63,0,0,NA,1,8718,1,8587,"PHARMETRICS"
85,NA,NA,"pattern with no formula",38,5,0,0,NA,1,8718,0,8576,"PHARMETRICS"
86,NA,NA,"pattern with no formula",844,68,0,0,NA,1,8718,0,8587,"PHARMETRICS"
87,NA,NA,"pattern with no formula",101,3,0,0,NA,1,45744814,1,8587,"PHARMETRICS"
88,NA,NA,"pattern with no formula",114,3,0,0,NA,1,45744814,0,8587,"PHARMETRICS"
89,NA,NA,"pattern with no formula",2,1,0,0,NA,1,9439,0,8587,"PHARMETRICS"
90,NA,NA,"pattern with no formula",12,5,1497,0,NA,1,44819154,1,8587,"PHARMETRICS"
91,NA,NA,"pattern with no formula",20,5,0,0,NA,1,44819154,0,8587,"PHARMETRICS"
92,NA,NA,"pattern with no formula",51,8,116128,0,NA,1,9551,1,8587,"PHARMETRICS"
93,NA,NA,"pattern with no formula",16,2,1200,0,NA,1,9551,0,8576,"PHARMETRICS"
94,NA,NA,"pattern with no formula",9,2,0,0,NA,1,8576,1,8519,"PHARMETRICS"
95,NA,NA,"pattern with no formula",132466,2063,93541,0,NA,1,8576,1,8576,"PHARMETRICS"
96,NA,NA,"pattern with no formula",229,12,0,0,NA,1,8576,1,9483,"PHARMETRICS"
97,NA,NA,"pattern with no formula",23,2,0,0,NA,1,8576,1,8510,"PHARMETRICS"
98,NA,NA,"pattern with no formula",6,2,0,0,NA,1,8576,0,8519,"PHARMETRICS"
99,NA,NA,"pattern with no formula",176,18,2805,0,NA,1,8576,0,9483,"PHARMETRICS"
100,NA,NA,"pattern with no formula",37,5,0,0,NA,1,8576,0,8510,"PHARMETRICS"
101,NA,NA,"pattern with no formula",37,9,0,0,NA,1,8587,1,8576,"PHARMETRICS"
102,NA,NA,"pattern with no formula",44,9,0,0,NA,1,8587,0,8576,"PHARMETRICS"
103,NA,NA,"pattern with no formula",95,1,0,0,NA,1,9573,1,8576,"PHARMETRICS"
104,NA,NA,"pattern with no formula",979,34,0,0,NA,1,9573,1,8587,"PHARMETRICS"
105,NA,NA,"pattern with no formula",54,1,0,0,NA,1,9573,0,8576,"PHARMETRICS"
106,NA,NA,"pattern with no formula",479,36,0,0,NA,1,9573,0,8587,"PHARMETRICS"
107,NA,NA,"pattern with no formula",626,5,0,0,NA,1,8554,1,NA,"PHARMETRICS"
108,NA,NA,"pattern with no formula",883,14,496,0,NA,1,8554,0,NA,"PHARMETRICS"
109,NA,NA,"pattern with no formula",167,16,0,0,NA,1,9379,1,8587,"PHARMETRICS"
110,NA,NA,"pattern with no formula",179,17,0,0,NA,1,9379,0,8587,"PHARMETRICS"
111,NA,NA,"pattern with no formula",4,2,1,0,NA,1,45744816,0,8587,"PHARMETRICS"
112,NA,NA,"pattern with no formula",86,7,0,0,NA,1,8510,1,45744809,"PHARMETRICS"
113,NA,NA,"pattern with no formula",3,2,301,0,NA,1,8510,1,8505,"PHARMETRICS"
114,NA,NA,"pattern with no formula",7041,56,0,0,NA,1,8510,1,8576,"PHARMETRICS"
115,NA,NA,"pattern with no formula",27026,297,11944760,0,NA,1,8510,1,8587,"PHARMETRICS"
116,NA,NA,"pattern with no formula",79,3,0,0,NA,1,8510,1,9483,"PHARMETRICS"
117,NA,NA,"pattern with no formula",23,4,0,0,NA,1,8510,1,8510,"PHARMETRICS"
118,NA,NA,"pattern with no formula",87,7,32520,0,NA,1,8510,0,45744809,"PHARMETRICS"
119,NA,NA,"pattern with no formula",4502,67,713462,0,NA,1,8510,0,8576,"PHARMETRICS"
120,NA,NA,"pattern with no formula",20908,617,7295159,0,NA,1,8510,0,8587,"PHARMETRICS"
121,NA,NA,"pattern with no formula",63,3,0,0,NA,1,8510,0,9483,"PHARMETRICS"
122,NA,NA,"pattern with no formula",17,4,0,0,NA,1,8510,0,8510,"PHARMETRICS"
123,NA,NA,"pattern with no formula",474,2,4,0,NA,1,32018,1,8587,"PHARMETRICS"
124,NA,NA,"pattern with no formula",32,2,0,0,NA,1,32018,0,8587,"PHARMETRICS"
125,NA,NA,"pattern with no formula",76,5,0,0,NA,1,NA,0,NA,"PHARMETRICS"
126,NA,NA,"pattern with no formula",4,3,0,0,NA,0,NA,0,NA,"PHARMETRICS"
NA,NA,NA,"no pattern",NA,NA,63512570,NA,NA,NA,NA,NA,NA,"PHARMETRICS"
