"","drug_concept_id","denominator_value","denominator_unit_concept_id","numerator_value","numerator_unit_concept_id","concept_name","quantity","n"
"1",956348,NA,9483,0.004,8576,"flurandrenolide 0.004 MG/SQCM Medicated Tape [Cordran]",1,2601
"2",956348,NA,9483,0.004,8576,"flurandrenolide 0.004 MG/SQCM Medicated Tape [Cordran]",2,54
"3",956348,NA,9483,0.004,8576,"flurandrenolide 0.004 MG/SQCM Medicated Tape [Cordran]",3,67
"4",956348,NA,9483,0.004,8576,"flurandrenolide 0.004 MG/SQCM Medicated Tape [Cordran]",4,57
"5",956348,NA,9483,0.004,8576,"flurandrenolide 0.004 MG/SQCM Medicated Tape [Cordran]",5,3
"6",956348,NA,9483,0.004,8576,"flurandrenolide 0.004 MG/SQCM Medicated Tape [Cordran]",6,3
"7",956348,NA,9483,0.004,8576,"flurandrenolide 0.004 MG/SQCM Medicated Tape [Cordran]",9,3
"8",956348,NA,9483,0.004,8576,"flurandrenolide 0.004 MG/SQCM Medicated Tape [Cordran]",30,4
"9",956348,NA,9483,0.004,8576,"flurandrenolide 0.004 MG/SQCM Medicated Tape [Cordran]",NA,13
